timestamp,community_kw,pm25,temp,rhum,wspd,pres,hour,dow,is_weekend,lag_1,lag_2,lag_3,lag_4,pred_kw
2013-04-25 12:00:00,545.0337953126456,23.3,20.0,56.0,18.4,1020.0,12,3,0,1525.977314138555,863.8391076235627,925.8674695063112,772.8170054980897,695.0844691217012
2013-04-25 12:15:00,565.1158751902587,23.475,20.25,55.25,20.275,1019.825,12,3,0,545.0337953126456,1525.977314138555,863.8391076235627,925.8674695063112,661.9920761800721
2013-04-25 12:30:00,1677.3155694710772,23.65,20.5,54.5,22.15,1019.65,12,3,0,565.1158751902587,545.0337953126456,1525.977314138555,863.8391076235627,1318.7927341683312
2013-04-25 12:45:00,590.8570408163265,23.825,20.75,53.75,24.025,1019.475,12,3,0,1677.3155694710772,565.1158751902587,545.0337953126456,1525.977314138555,661.8939288669968
2013-04-25 13:00:00,569.2683708880813,24.0,21.0,53.0,25.9,1019.3,13,3,0,590.8570408163265,1677.3155694710772,565.1158751902587,545.0337953126456,699.8232577940784
2013-04-25 13:15:00,1893.6484696408736,22.825,21.0,52.0,25.0,1019.2,13,3,0,569.2683708880813,590.8570408163265,1677.3155694710772,565.1158751902587,1499.4526700076306
2013-04-25 13:30:00,587.3691156462586,21.65,21.0,51.0,24.1,1019.1,13,3,0,1893.6484696408736,569.2683708880813,590.8570408163265,1677.3155694710772,674.9908421686247
2013-06-18 14:00:00,426.291457925636,34.8,20.0,73.0,5.4,1014.25,14,1,0,365.5249755847544,426.9989279657068,458.7546164383562,380.03748443761066,429.5737273329556
2013-06-18 14:15:00,485.6624268008573,35.474999999999994,20.0,73.0,5.4,1014.3375,14,1,0,426.291457925636,365.5249755847544,426.9989279657068,458.7546164383562,517.9751278307507
2013-06-18 14:30:00,413.75763698630135,36.15,20.0,73.0,5.4,1014.425,14,1,0,485.6624268008573,426.291457925636,365.5249755847544,426.9989279657068,480.00583262893457
2013-06-18 14:45:00,395.1109337433603,36.825,20.0,73.0,5.4,1014.5125,14,1,0,413.75763698630135,485.6624268008573,426.291457925636,365.5249755847544,416.8149874461852
2013-06-18 15:00:00,401.44614728357095,37.5,20.0,73.0,5.4,1014.6,15,1,0,395.1109337433603,413.75763698630135,485.6624268008573,426.291457925636,449.66033194692864
2013-06-18 15:15:00,491.7123150684931,34.775,20.25,70.75,6.4,1014.6,15,1,0,401.44614728357095,395.1109337433603,413.75763698630135,485.6624268008573,500.2027324298192
2013-06-18 15:30:00,407.9262799366322,32.05,20.5,68.5,7.4,1014.6,15,1,0,491.7123150684931,401.44614728357095,395.1109337433603,413.75763698630135,461.9294410039112
2013-06-18 15:45:00,371.6472863200075,29.325000000000003,20.75,66.25,8.4,1014.6,15,1,0,407.9262799366322,491.7123150684931,401.44614728357095,395.1109337433603,390.6506475629344
2013-06-18 16:00:00,507.2012471810642,26.6,21.0,64.0,9.4,1014.6,16,1,0,371.6472863200075,407.9262799366322,491.7123150684931,401.44614728357095,481.802699895328
2013-06-18 16:15:00,574.1583553722858,25.225,20.75,64.0,9.4,1014.5,16,1,0,507.2012471810642,371.6472863200075,407.9262799366322,491.7123150684931,599.211508955266
2013-06-18 16:30:00,999.2580079675704,23.85,20.5,64.0,9.4,1014.4,16,1,0,574.1583553722858,507.2012471810642,371.6472863200075,407.9262799366322,929.2849350364322
2013-06-18 16:45:00,2669.531625501597,22.475,20.25,64.0,9.4,1014.3,16,1,0,999.2580079675704,574.1583553722858,507.2012471810642,371.6472863200075,2062.658942150709
2013-06-18 17:00:00,1563.7149683923276,21.1,20.0,64.0,9.4,1014.2,17,1,0,2669.531625501597,999.2580079675704,574.1583553722858,507.2012471810642,1586.513973270898
2013-06-18 17:15:00,3288.4918647914988,21.975,20.25,64.0,7.95,1014.225,17,1,0,1563.7149683923276,2669.531625501597,999.2580079675704,574.1583553722858,2714.031495015895
2013-06-18 17:30:00,1762.658918146204,22.85,20.5,64.0,6.5,1014.25,17,1,0,3288.4918647914988,1563.7149683923276,2669.531625501597,999.2580079675704,1751.8416470972395
2013-06-18 17:45:00,1036.0908940985837,23.725,20.75,64.0,5.05,1014.275,17,1,0,1762.658918146204,3288.4918647914988,1563.7149683923276,2669.531625501597,1251.4582078356937
2013-06-18 18:00:00,994.5413501754138,24.6,21.0,64.0,3.6,1014.3,18,1,0,1036.0908940985837,1762.658918146204,3288.4918647914988,1563.7149683923276,1083.7659380395255
2013-06-18 18:15:00,1606.0243646501797,25.450000000000003,20.75,65.0,5.050000000000001,1014.325,18,1,0,994.5413501754138,1036.0908940985837,1762.658918146204,3288.4918647914988,1478.6000961437078
2013-06-18 18:30:00,799.1537018917156,26.3,20.5,66.0,6.5,1014.35,18,1,0,1606.0243646501797,994.5413501754138,1036.0908940985837,1762.658918146204,1063.3519035732652
2013-06-18 18:45:00,668.9666553443296,27.15,20.25,67.0,7.950000000000001,1014.375,18,1,0,799.1537018917156,1606.0243646501797,994.5413501754138,1036.0908940985837,757.5971262688774
2013-06-18 19:00:00,647.6040401640107,28.0,20.0,68.0,9.4,1014.4,19,1,0,668.9666553443296,799.1537018917156,1606.0243646501797,994.5413501754138,692.9261478360268
2013-06-18 19:15:00,757.6179283850527,26.175,20.0,68.0,8.95,1014.55,19,1,0,647.6040401640107,668.9666553443296,799.1537018917156,1606.0243646501797,770.6777769570072
2013-06-18 19:30:00,715.5287936352623,24.35,20.0,68.0,8.5,1014.7,19,1,0,757.6179283850527,647.6040401640107,668.9666553443296,799.1537018917156,816.203481742056
2013-06-18 19:45:00,1305.852696723667,22.525,20.0,68.0,8.05,1014.85,19,1,0,715.5287936352623,757.6179283850527,647.6040401640107,668.9666553443296,1158.1576691326982
2013-06-19 09:00:00,614.6982884167365,34.7,20.0,78.0,9.4,1015.2,9,2,0,890.289278072873,502.00311648495017,462.9850648588202,422.02799664523343,719.8846816842803
2013-06-19 09:15:00,1435.6311419252634,34.650000000000006,20.0,76.75,9.85,1015.225,9,2,0,614.6982884167365,890.289278072873,502.00311648495017,462.9850648588202,1164.333550992124
2013-06-19 09:30:00,856.8033899916131,34.6,20.0,75.5,10.3,1015.25,9,2,0,1435.6311419252634,614.6982884167365,890.289278072873,502.00311648495017,916.9540483763622
2013-06-19 09:45:00,800.1013345447768,34.55,20.0,74.25,10.75,1015.275,9,2,0,856.8033899916131,1435.6311419252634,614.6982884167365,890.289278072873,865.863959350205
2013-06-19 10:00:00,891.224490774392,34.5,20.0,73.0,11.2,1015.3,10,2,0,800.1013345447768,856.8033899916131,1435.6311419252634,614.6982884167365,961.86114352346
2013-06-19 10:15:00,743.3547294249017,34.975,20.5,72.0,10.3,1015.2,10,2,0,891.224490774392,800.1013345447768,856.8033899916131,1435.6311419252634,842.6947958347254
2013-06-19 10:30:00,644.1807250955176,35.45,21.0,71.0,9.4,1015.1,10,2,0,743.3547294249017,891.224490774392,800.1013345447768,856.8033899916131,749.7578936364321
2013-06-19 10:45:00,635.2078678128786,35.925,21.5,70.0,8.5,1015.0,10,2,0,644.1807250955176,743.3547294249017,891.224490774392,800.1013345447768,680.6608235215293
2013-06-19 11:00:00,578.2299974373311,36.4,22.0,69.0,7.6,1014.9,11,2,0,635.2078678128786,644.1807250955176,743.3547294249017,891.224490774392,628.7202262088325
2013-06-19 11:15:00,672.414960022365,34.85,22.25,67.0,8.05,1014.75,11,2,0,578.2299974373311,635.2078678128786,644.1807250955176,743.3547294249017,754.7850231869107
2013-06-19 11:30:00,1023.776526199669,33.3,22.5,65.0,8.5,1014.6,11,2,0,672.414960022365,578.2299974373311,635.2078678128786,644.1807250955176,937.8575106882658
2013-06-19 11:45:00,638.763836734694,31.75,22.75,63.0,8.95,1014.45,11,2,0,1023.776526199669,672.414960022365,578.2299974373311,635.2078678128786,765.8239634203295
2013-06-19 12:00:00,583.4952981082845,30.2,23.0,61.0,9.4,1014.3,12,2,0,638.763836734694,1023.776526199669,672.414960022365,578.2299974373311,695.2167861519863
2013-06-19 12:15:00,928.124897951628,27.975,23.25,60.0,7.95,1014.3,12,2,0,583.4952981082845,638.763836734694,1023.776526199669,672.414960022365,893.6904600885165
2013-06-19 12:30:00,926.7679003965308,25.75,23.5,59.0,6.5,1014.3,12,2,0,928.124897951628,583.4952981082845,638.763836734694,1023.776526199669,969.1194839670608
2013-06-19 12:45:00,1296.0362232783525,23.525,23.75,58.0,5.05,1014.3,12,2,0,926.7679003965308,928.124897951628,583.4952981082845,638.763836734694,1146.078026549866
2013-06-19 13:00:00,886.2555778559699,21.3,24.0,57.0,3.6,1014.3,13,2,0,1296.0362232783525,926.7679003965308,928.124897951628,583.4952981082845,942.6112904181548
2013-06-19 18:45:00,419.9448283943715,21.275,22.5,61.5,13.45,1014.625,18,2,0,529.095279646994,443.54296171171165,501.5101156462585,968.4415441244992,562.0278507743116
2013-06-19 19:00:00,406.1841636330207,22.1,22.0,64.0,14.8,1014.8,19,2,0,419.9448283943715,529.095279646994,443.54296171171165,501.5101156462585,446.4852327851767
2013-06-19 19:15:00,463.6687942636514,23.775,21.5,65.0,16.225,1014.825,19,2,0,406.1841636330207,419.9448283943715,529.095279646994,443.54296171171165,477.1240904858489
2013-06-19 19:30:00,491.955455782313,25.450000000000003,21.0,66.0,17.65,1014.85,19,2,0,463.6687942636514,406.1841636330207,419.9448283943715,529.095279646994,594.141445158209
2013-06-19 19:45:00,1883.5654375761187,27.125,20.5,67.0,19.075,1014.875,19,2,0,491.955455782313,463.6687942636514,406.1841636330207,419.9448283943715,1515.6799173328247
2013-06-19 20:00:00,1092.2033563507591,28.8,20.0,68.0,20.5,1014.9,20,2,0,1883.5654375761187,491.955455782313,463.6687942636514,406.1841636330207,1063.8658177263294
2013-06-20 17:00:00,535.603360176503,34.1,20.0,78.0,5.4,1009.8,17,3,0,656.813472643667,570.026928029931,1745.998804902628,1590.0289921400993,719.1671098696947
2013-06-20 17:15:00,937.2110476190476,32.7,20.0,76.75,5.95,1009.775,17,3,0,535.603360176503,656.813472643667,570.026928029931,1745.998804902628,940.3569630043762
2013-06-20 17:30:00,1251.0115850340137,31.3,20.0,75.5,6.5,1009.75,17,3,0,937.2110476190476,535.603360176503,656.813472643667,570.026928029931,1295.0687582325506
2013-06-20 17:45:00,1224.7301365140652,29.9,20.0,74.25,7.05,1009.725,17,3,0,1251.0115850340137,937.2110476190476,535.603360176503,656.813472643667,1225.4285233654384
2013-06-20 18:00:00,811.1244464055892,28.5,20.0,73.0,7.6,1009.7,18,3,0,1224.7301365140652,1251.0115850340137,937.2110476190476,535.603360176503,1058.8418095394406
2013-07-06 18:30:00,169.68382521239087,21.95,23.0,60.5,17.5,1027.9499999999998,18,5,1,213.36361086337848,280.7123222304699,227.05041893424035,185.6603074823505,237.470146736734
2013-07-06 18:45:00,240.6896423989688,23.675,22.5,62.25,17.05,1028.025,18,5,1,169.68382521239087,213.36361086337848,280.7123222304699,227.05041893424035,261.15052909840483
2013-07-06 19:00:00,314.9683159432787,25.4,22.0,64.0,16.6,1028.1,19,5,1,240.6896423989688,169.68382521239087,213.36361086337848,280.7123222304699,292.47665705671466
2013-07-06 19:15:00,224.7715457957958,26.025,21.75,64.0,15.7,1028.225,19,5,1,314.9683159432787,240.6896423989688,169.68382521239087,213.36361086337848,455.05090209390096
2013-07-06 19:30:00,209.10671315974668,26.65,21.5,64.0,14.8,1028.35,19,5,1,224.7715457957958,314.9683159432787,240.6896423989688,169.68382521239087,228.79032808897483
2013-07-06 19:45:00,277.402923433203,27.275,21.25,64.0,13.9,1028.475,19,5,1,209.10671315974668,224.7715457957958,314.9683159432787,240.6896423989688,291.60161904008305
2013-07-06 20:00:00,293.389264465808,27.9,21.0,64.0,13.0,1028.6,20,5,1,277.402923433203,209.10671315974668,224.7715457957958,314.9683159432787,316.48971326643897
2013-07-06 20:15:00,248.03110632699028,28.3,20.5,67.5,13.0,1028.8249999999998,20,5,1,293.389264465808,277.402923433203,209.10671315974668,224.7715457957958,270.6713654932595
2013-07-06 20:30:00,254.2157812942844,28.7,20.0,71.0,13.0,1029.05,20,5,1,248.03110632699028,293.389264465808,277.402923433203,209.10671315974668,284.9058063681573
2013-07-07 07:00:00,191.0231119267852,45.5,20.0,68.0,0.0,1031.9,7,6,1,146.28127171732004,185.1593917792469,183.1466438631791,148.05423316545915,258.0469520955588
2013-07-07 07:15:00,1452.5331010140596,41.275,20.5,66.0,0.9,1032.0,7,6,1,191.0231119267852,146.28127171732004,185.1593917792469,183.1466438631791,1019.2917366467284
2013-07-07 07:30:00,1052.6663520227444,37.05,21.0,64.0,1.8,1032.1,7,6,1,1452.5331010140596,191.0231119267852,146.28127171732004,185.1593917792469,1105.988692553289
2013-07-07 07:45:00,1306.4598081461745,32.825,21.5,62.0,2.7,1032.2,7,6,1,1052.6663520227444,1452.5331010140596,191.0231119267852,146.28127171732004,1164.9276238462887
2013-07-07 08:00:00,264.2558173798799,28.6,22.0,60.0,3.6,1032.3,8,6,1,1306.4598081461745,1052.6663520227444,1452.5331010140596,191.0231119267852,699.9511784486764
2013-07-07 08:15:00,218.39766530124348,25.625,22.25,58.25,5.050000000000001,1032.25,8,6,1,264.2558173798799,1306.4598081461745,1052.6663520227444,1452.5331010140596,425.8486956585068
2013-07-07 08:30:00,235.89559276861428,22.65,22.5,56.5,6.5,1032.1999999999998,8,6,1,218.39766530124348,264.2558173798799,1306.4598081461745,1052.6663520227444,289.6740745562852
2013-07-13 07:45:00,154.87987284997237,26.425,20.25,67.5,0.0,1024.25,7,5,1,159.52554240052183,216.1741088694328,161.96845708031975,339.4817200823992,233.20684907165744
2013-07-13 08:00:00,212.10428195528493,26.9,21.0,64.0,0.0,1024.3,8,5,1,154.87987284997237,159.52554240052183,216.1741088694328,161.96845708031975,267.65314051412184
2013-07-13 08:15:00,158.2816645408163,25.7,21.5,63.25,0.9,1024.275,8,5,1,212.10428195528493,154.87987284997237,159.52554240052183,216.1741088694328,231.79977529854887
2013-07-13 08:30:00,157.5057419986029,24.5,22.0,62.5,1.8,1024.25,8,5,1,158.2816645408163,212.10428195528493,154.87987284997237,159.52554240052183,187.5641016176893
2013-07-13 08:45:00,252.48825,23.3,22.5,61.75,2.7,1024.225,8,5,1,157.5057419986029,158.2816645408163,212.10428195528493,154.87987284997237,251.1600548344669
2013-07-13 09:00:00,266.80924978731446,22.1,23.0,61.0,3.6,1024.2,9,5,1,252.48825,157.5057419986029,158.2816645408163,212.10428195528493,329.0778373779966
2013-07-13 09:15:00,204.1991553870197,22.200000000000003,23.75,59.25,2.7,1024.15,9,5,1,266.80924978731446,252.48825,157.5057419986029,158.2816645408163,380.55126134535016
2013-07-13 09:30:00,1469.7172264678472,22.3,24.5,57.5,1.8,1024.1,9,5,1,204.1991553870197,266.80924978731446,252.48825,157.5057419986029,1017.1586019761704
2013-07-13 09:45:00,380.0572392138092,22.4,25.25,55.75,0.8999999999999999,1024.05,9,5,1,1469.7172264678472,204.1991553870197,266.80924978731446,252.48825,604.5662739365825
2013-07-13 10:00:00,2978.356597268829,22.5,26.0,54.0,0.0,1024.0,10,5,1,380.0572392138092,1469.7172264678472,204.1991553870197,266.80924978731446,2168.3889722111403
2013-07-13 10:15:00,615.4701451314329,22.2,26.0,55.0,2.35,1023.975,10,5,1,2978.356597268829,380.0572392138092,1469.7172264678472,204.1991553870197,915.3017392818176
2013-07-13 10:30:00,555.1836404909791,21.9,26.0,56.0,4.7,1023.95,10,5,1,615.4701451314329,2978.356597268829,380.0572392138092,1469.7172264678472,703.7777852210135
2013-07-13 10:45:00,156.2048679526605,21.6,26.0,57.0,7.050000000000001,1023.925,10,5,1,555.1836404909791,615.4701451314329,2978.356597268829,380.0572392138092,394.7375206241229
2013-07-13 11:00:00,211.74705782312924,21.3,26.0,58.0,9.4,1023.9,11,5,1,156.2048679526605,555.1836404909791,615.4701451314329,2978.356597268829,259.2311160084824
2013-07-13 11:15:00,469.2276756756757,21.75,26.25,56.25,9.4,1023.875,11,5,1,211.74705782312924,156.2048679526605,555.1836404909791,615.4701451314329,431.999163518318
2013-07-13 11:30:00,2505.532753128968,22.200000000000003,26.5,54.5,9.4,1023.85,11,5,1,469.2276756756757,211.74705782312924,156.2048679526605,555.1836404909791,1791.531084714291
2013-07-13 11:45:00,567.3953031198687,22.65,26.75,52.75,9.4,1023.825,11,5,1,2505.532753128968,469.2276756756757,211.74705782312924,156.2048679526605,706.7383414457073
2013-07-13 12:00:00,428.105210325226,23.1,27.0,51.0,9.4,1023.8,12,5,1,567.3953031198687,2505.532753128968,469.2276756756757,211.74705782312924,528.1496284369767
2013-07-13 12:15:00,938.6602825458948,21.8,27.25,49.5,9.85,1023.75,12,5,1,428.105210325226,567.3953031198687,2505.532753128968,469.2276756756757,799.9211660333112
2013-07-13 21:30:00,351.27279765325665,21.35,20.5,75.5,10.3,1024.35,21,5,1,357.20461834094374,308.41888505747124,349.2224741248097,328.34004003327954,346.6086690768036
2013-07-13 21:45:00,318.898547564688,21.825,20.25,76.75,9.85,1024.375,21,5,1,351.27279765325665,357.20461834094374,308.41888505747124,349.2224741248097,332.0569429449997
2013-07-13 22:00:00,219.25489982876712,22.3,20.0,78.0,9.4,1024.4,22,5,1,318.898547564688,351.27279765325665,357.20461834094374,308.41888505747124,258.1448477250579
2013-07-13 22:15:00,264.09075161719943,23.25,20.0,78.0,7.95,1024.45,22,5,1,219.25489982876712,318.898547564688,351.27279765325665,357.20461834094374,243.9354770313926
2013-07-13 22:30:00,215.847506573634,24.200000000000003,20.0,78.0,6.5,1024.5,22,5,1,264.09075161719943,219.25489982876712,318.898547564688,351.27279765325665,229.4943734440617
2013-07-13 22:45:00,175.70574329501918,25.15,20.0,78.0,5.05,1024.55,22,5,1,215.847506573634,264.09075161719943,219.25489982876712,318.898547564688,196.77861198950777
2013-07-13 23:00:00,236.9547691210045,26.1,20.0,78.0,3.6,1024.6,23,5,1,175.70574329501918,215.847506573634,264.09075161719943,219.25489982876712,231.25428668391703
2013-07-13 23:15:00,228.10410632183903,26.012500000000003,20.25,75.75,4.6,1024.6,23,5,1,236.9547691210045,175.70574329501918,215.847506573634,264.09075161719943,231.20516453726964
2013-07-13 23:30:00,176.02706002663624,25.925,20.5,73.5,5.6,1024.6,23,5,1,228.10410632183903,236.9547691210045,175.70574329501918,215.847506573634,217.61952601462005
2013-07-13 23:45:00,224.79023649162863,25.8375,20.75,71.25,6.6,1024.6,23,5,1,176.02706002663624,228.10410632183903,236.9547691210045,175.70574329501918,224.56491458231136
2013-07-14 00:00:00,236.4556726532567,25.75,21.0,69.0,7.6,1024.6,0,6,1,224.79023649162863,176.02706002663624,228.10410632183903,236.9547691210045,229.766537740755
2013-07-14 00:15:00,153.5826186127419,25.6625,20.75,70.0,5.699999999999999,1024.6,0,6,1,236.4556726532567,224.79023649162863,176.02706002663624,228.10410632183903,165.6584319082499
2013-07-14 00:30:00,191.283051266968,25.575,20.5,71.0,3.8,1024.6,0,6,1,153.5826186127419,236.4556726532567,224.79023649162863,176.02706002663624,200.080753459308
2013-07-14 00:45:00,209.6215914193304,25.4875,20.25,72.0,1.9000000000000004,1024.6,0,6,1,191.283051266968,153.5826186127419,236.4556726532567,224.79023649162863,215.05206316013184
2013-07-14 01:00:00,152.38656250000005,25.4,20.0,73.0,0.0,1024.6,1,6,1,209.6215914193304,191.283051266968,153.5826186127419,236.4556726532567,158.45433221402692
2013-07-14 01:15:00,178.71826826484016,25.35,20.0,73.0,0.9,1024.5749999999998,1,6,1,152.38656250000005,209.6215914193304,191.283051266968,153.5826186127419,181.9187114942156
2013-07-14 01:30:00,209.2401206896552,25.3,20.0,73.0,1.8,1024.55,1,6,1,178.71826826484016,152.38656250000005,209.6215914193304,191.283051266968,208.87902774933076
2013-07-14 01:45:00,156.58310664003045,25.25,20.0,73.0,2.7,1024.525,1,6,1,209.2401206896552,178.71826826484016,152.38656250000005,209.6215914193304,156.61570418146658
2013-07-14 02:00:00,176.2581097792999,25.2,20.0,73.0,3.6,1024.5,2,6,1,156.58310664003045,209.2401206896552,178.71826826484016,152.38656250000005,175.1338800793924
2013-07-14 02:15:00,209.2428376141552,24.95,20.0,71.75,4.05,1024.45,2,6,1,176.2581097792999,156.58310664003045,209.2401206896552,178.71826826484016,209.7841180063372
2013-07-14 02:30:00,158.59389535768642,24.7,20.0,70.5,4.5,1024.4,2,6,1,209.2428376141552,176.2581097792999,156.58310664003045,209.2401206896552,163.63329754326824
2013-07-14 02:45:00,169.79678855363986,24.45,20.0,69.25,4.95,1024.35,2,6,1,158.59389535768642,209.2428376141552,176.2581097792999,156.58310664003045,171.32847144758082
2013-07-14 03:00:00,211.25381590136053,24.2,20.0,68.0,5.4,1024.3,3,6,1,169.79678855363986,158.59389535768642,209.2428376141552,176.2581097792999,211.02045343153537
2013-07-14 06:00:00,214.15622231871475,26.0,20.0,73.0,5.4,1024.3,6,6,1,149.92363413356856,169.02779936632186,212.71414983264992,159.41960412347606,215.1672683412272
2013-07-14 06:15:00,170.62378977446835,26.0,20.0,73.0,6.4,1024.325,6,6,1,214.15622231871475,149.92363413356856,169.02779936632186,212.71414983264992,195.84581334239056
2013-07-14 06:30:00,148.90843044296935,26.0,20.0,73.0,7.4,1024.35,6,6,1,170.62378977446835,214.15622231871475,149.92363413356856,169.02779936632186,156.383870369739
2013-07-14 06:45:00,210.5230588850837,26.0,20.0,73.0,8.4,1024.375,6,6,1,148.90843044296935,170.62378977446835,214.15622231871475,149.92363413356856,238.69893467698012
2013-07-14 07:00:00,180.12653713151929,26.0,20.0,73.0,9.4,1024.4,7,6,1,210.5230588850837,148.90843044296935,170.62378977446835,214.15622231871475,266.9841073565924
2013-07-14 07:15:00,148.5912550418569,26.9,20.25,72.0,8.95,1024.4250000000002,7,6,1,180.12653713151929,210.5230588850837,148.90843044296935,170.62378977446835,161.95725065913078
2013-07-14 07:30:00,206.70664654798088,27.8,20.5,71.0,8.5,1024.45,7,6,1,148.5912550418569,180.12653713151929,210.5230588850837,148.90843044296935,220.20589074501197
2013-07-14 07:45:00,189.95085430839,28.700000000000003,20.75,70.0,8.05,1024.475,7,6,1,206.70664654798088,148.5912550418569,180.12653713151929,210.5230588850837,240.1193757617613
2013-07-14 08:00:00,251.0709817488291,29.6,21.0,69.0,7.6,1024.5,8,6,1,189.95085430839,206.70664654798088,148.5912550418569,180.12653713151929,224.40001347748375
2013-07-14 08:15:00,289.4269309406521,28.85,21.5,67.0,7.05,1024.5,8,6,1,251.0709817488291,189.95085430839,206.70664654798088,148.5912550418569,309.5363123608206
2013-07-14 08:30:00,377.0622024269168,28.1,22.0,65.0,6.5,1024.5,8,6,1,289.4269309406521,251.0709817488291,189.95085430839,206.70664654798088,351.40357292235177
2013-07-14 08:45:00,327.4237797576968,27.35,22.5,63.0,5.95,1024.5,8,6,1,377.0622024269168,289.4269309406521,251.0709817488291,189.95085430839,379.4712118877648
2013-07-14 09:00:00,373.1315834602208,26.6,23.0,61.0,5.4,1024.5,9,6,1,327.4237797576968,377.0622024269168,289.4269309406521,251.0709817488291,389.2663381481461
2013-07-14 09:15:00,371.04449362244895,25.025,23.5,60.0,5.95,1024.45,9,6,1,373.1315834602208,327.4237797576968,377.0622024269168,289.4269309406521,400.3729693642288
2013-07-14 09:30:00,306.7996837374692,23.450000000000003,24.0,59.0,6.5,1024.4,9,6,1,371.04449362244895,373.1315834602208,327.4237797576968,377.0622024269168,396.90487742279805
2013-07-14 09:45:00,305.6559874196254,21.875,24.5,58.0,7.05,1024.35,9,6,1,306.7996837374692,371.04449362244895,373.1315834602208,327.4237797576968,332.2822581540452
2013-07-16 07:00:00,209.6676768068021,21.3,20.0,64.0,0.0,1023.5,7,1,0,167.36177584024475,216.43427219426584,176.56313356164384,166.21916834291187,205.9542919894172
2013-07-16 07:15:00,716.4841432057057,21.725,20.25,63.0,0.9,1023.55,7,1,0,209.6676768068021,167.36177584024475,216.43427219426584,176.56313356164384,536.9185097859902
2013-07-16 07:30:00,421.5909883786848,22.15,20.5,62.0,1.8,1023.6,7,1,0,716.4841432057057,209.6676768068021,167.36177584024475,216.43427219426584,458.7410962773928
2013-07-16 07:45:00,405.746837585034,22.575,20.75,61.0,2.7,1023.65,7,1,0,421.5909883786848,716.4841432057057,209.6676768068021,167.36177584024475,509.1152725351055
2013-07-16 08:00:00,504.01151629818594,23.0,21.0,60.0,3.6,1023.7,8,1,0,405.746837585034,421.5909883786848,716.4841432057057,209.6676768068021,536.3525923333717
2013-07-16 08:15:00,433.0239660323588,22.96746987951808,21.5,58.25,2.7,1023.675,8,1,0,504.01151629818594,405.746837585034,421.5909883786848,716.4841432057057,524.7305512940476
2013-07-16 08:30:00,343.121677345713,22.934939759036144,22.0,56.5,1.8,1023.65,8,1,0,433.0239660323588,504.01151629818594,405.746837585034,421.5909883786848,443.09921199157793
2013-07-16 08:45:00,417.06692921492913,22.90240963855421,22.5,54.75,0.8999999999999999,1023.625,8,1,0,343.121677345713,433.0239660323588,504.01151629818594,405.746837585034,455.5277736152146
2013-07-16 09:00:00,390.269957477169,22.86987951807229,23.0,53.0,0.0,1023.6,9,1,0,417.06692921492913,343.121677345713,433.0239660323588,504.01151629818594,701.1158305622562
2013-07-16 09:15:00,344.62635247747744,22.83734939759036,23.5,51.5,0.9,1023.55,9,1,0,390.269957477169,417.06692921492913,343.121677345713,433.0239660323588,478.123179125975
2013-07-16 09:30:00,407.7892517006802,22.804819277108432,24.0,50.0,1.8,1023.5,9,1,0,344.62635247747744,390.269957477169,417.06692921492913,343.121677345713,428.4647377284215
2013-07-16 09:45:00,406.9229047619048,22.772289156626503,24.5,48.5,2.7,1023.45,9,1,0,407.7892517006802,344.62635247747744,390.269957477169,417.06692921492913,422.561807252703
2013-07-16 10:00:00,345.02403401360544,22.739759036144576,25.0,47.0,3.6,1023.4,10,1,0,406.9229047619048,407.7892517006802,344.62635247747744,390.269957477169,381.77060960865737
2013-07-16 10:15:00,384.12403713151934,22.70722891566265,25.5,45.0,3.6,1023.35,10,1,0,345.02403401360544,406.9229047619048,407.7892517006802,344.62635247747744,432.4660570981355
2013-07-16 10:30:00,416.9239022108844,22.674698795180724,26.0,43.0,3.6,1023.3,10,1,0,384.12403713151934,345.02403401360544,406.9229047619048,407.7892517006802,436.4046333873208
2013-07-16 10:45:00,625.3520932463075,22.642168674698794,26.5,41.0,3.6,1023.25,10,1,0,416.9239022108844,384.12403713151934,345.02403401360544,406.9229047619048,554.3034323667681
2013-07-16 11:00:00,390.5442824087657,22.60963855421687,27.0,39.0,3.6,1023.2,11,1,0,625.3520932463075,416.9239022108844,384.12403713151934,345.02403401360544,486.3002698217237
2013-07-16 11:15:00,319.33434402360103,22.57710843373494,27.5,36.5,3.6,1023.1,11,1,0,390.5442824087657,625.3520932463075,416.9239022108844,384.12403713151934,374.5405850394106
2013-07-16 11:30:00,173.62616850907028,22.54457831325301,28.0,34.0,3.6,1023.0,11,1,0,319.33434402360103,390.5442824087657,625.3520932463075,416.9239022108844,298.27660458188814
2013-07-16 11:45:00,151.99389774904216,22.512048192771083,28.5,31.5,3.6,1022.9,11,1,0,173.62616850907028,319.33434402360103,390.5442824087657,625.3520932463075,239.4708493400681
2013-07-16 12:00:00,213.9442428652968,22.47951807228916,29.0,29.0,3.6,1022.8,12,1,0,151.99389774904216,173.62616850907028,319.33434402360103,390.5442824087657,219.17179894450044
2013-07-16 12:15:00,191.4435232279693,22.44698795180723,29.0,29.5,4.05,1022.75,12,1,0,213.9442428652968,151.99389774904216,173.62616850907028,319.33434402360103,217.04316454299664
2013-07-16 12:30:00,148.93003576864538,22.4144578313253,29.0,30.0,4.5,1022.7,12,1,0,191.4435232279693,213.9442428652968,151.99389774904216,173.62616850907028,175.8884108812662
2013-07-16 12:45:00,199.1463587328767,22.38192771084337,29.0,30.5,4.95,1022.65,12,1,0,148.93003576864538,191.4435232279693,213.9442428652968,151.99389774904216,236.36062535069595
2013-07-16 13:00:00,209.60964224794,22.349397590361445,29.0,31.0,5.4,1022.6,13,1,0,199.1463587328767,148.93003576864538,191.4435232279693,213.9442428652968,214.41367779943653
2013-07-16 13:15:00,158.01724496008453,22.31686746987952,29.0,30.5,4.95,1022.55,13,1,0,209.60964224794,199.1463587328767,148.93003576864538,191.4435232279693,163.23635776576043
2013-07-16 13:30:00,168.64159674329505,22.28433734939759,29.0,30.0,4.5,1022.5,13,1,0,158.01724496008453,209.60964224794,199.1463587328767,148.93003576864538,171.85697420402124
2013-07-16 13:45:00,211.2281788432268,22.251807228915663,29.0,29.5,4.050000000000001,1022.45,13,1,0,168.64159674329505,158.01724496008453,209.60964224794,199.1463587328767,216.02859417015756
2013-07-16 14:00:00,188.5948117816092,22.219277108433737,29.0,29.0,3.6,1022.4,14,1,0,211.2281788432268,168.64159674329505,158.01724496008453,209.60964224794,186.92780190091156
2013-07-16 14:15:00,150.16574980974124,22.186746987951807,29.25,29.0,2.7,1022.325,14,1,0,188.5948117816092,211.2281788432268,168.64159674329505,158.01724496008453,163.1516100807266
2013-07-16 14:30:00,197.9653371385084,22.15421686746988,29.5,29.0,1.8,1022.25,14,1,0,150.16574980974124,188.5948117816092,211.2281788432268,168.64159674329505,235.39091407320203
2013-07-16 14:45:00,208.1260220700152,22.12168674698795,29.75,29.0,0.8999999999999999,1022.175,14,1,0,197.9653371385084,150.16574980974124,188.5948117816092,211.2281788432268,252.38718306647732
2013-07-16 15:00:00,162.86308307746813,22.089156626506025,30.0,29.0,0.0,1022.1,15,1,0,208.1260220700152,197.9653371385084,150.16574980974124,188.5948117816092,181.8930153011722
2013-07-16 15:15:00,161.5572538497875,22.05662650602409,30.0,29.0,1.35,1022.025,15,1,0,162.86308307746813,208.1260220700152,197.9653371385084,150.16574980974124,184.57816199326143
2013-07-16 15:30:00,211.305079073867,22.02409638554217,30.0,29.0,2.7,1021.95,15,1,0,161.5572538497875,162.86308307746813,208.1260220700152,197.9653371385084,229.7907403621258
2013-07-16 15:45:00,196.1896245143745,21.99156626506024,30.0,29.0,4.050000000000001,1021.875,15,1,0,211.305079073867,161.5572538497875,162.86308307746813,208.1260220700152,193.96551808994928
2013-07-16 16:00:00,150.34674735458665,21.95903614457832,30.0,29.0,5.4,1021.8,16,1,0,196.1896245143745,211.305079073867,161.5572538497875,162.86308307746813,157.03683919418506
2013-07-16 16:15:00,191.3193067528736,21.926506024096387,29.5,32.25,8.65,1021.725,16,1,0,150.34674735458665,196.1896245143745,211.305079073867,161.5572538497875,199.2722531705204
2013-07-16 16:30:00,314.2516206896552,21.893975903614457,29.0,35.5,11.9,1021.65,16,1,0,191.3193067528736,150.34674735458665,196.1896245143745,211.305079073867,323.52098311285783
2013-07-16 16:45:00,286.9209793103448,21.86144578313253,28.5,38.75,15.15,1021.575,16,1,0,314.2516206896552,191.3193067528736,150.34674735458665,196.1896245143745,480.6818164681994
2013-07-16 17:00:00,984.631674917336,21.8289156626506,28.0,42.0,18.4,1021.5,17,1,0,286.9209793103448,314.2516206896552,191.3193067528736,150.34674735458665,823.3174627689292
2013-07-16 17:15:00,863.4849326976066,21.796385542168675,27.75,43.5,18.4,1021.525,17,1,0,984.631674917336,286.9209793103448,314.2516206896552,191.3193067528736,760.6378214772991
2013-07-16 17:30:00,286.38193793103454,21.763855421686745,27.5,45.0,18.4,1021.55,17,1,0,863.4849326976066,984.631674917336,286.9209793103448,314.2516206896552,562.4482000069577
2013-07-16 17:45:00,219.7607847222222,21.73132530120482,27.25,46.5,18.4,1021.575,17,1,0,286.38193793103454,863.4849326976066,984.631674917336,286.9209793103448,310.27826980461447
2013-07-16 18:00:00,408.38692413793103,21.69879518072289,27.0,48.0,18.4,1021.6,18,1,0,219.7607847222222,286.38193793103454,863.4849326976066,984.631674917336,418.4617609323502
2013-07-16 18:15:00,326.4716016060463,21.666265060240963,26.75,48.75,18.4,1021.6,18,1,0,408.38692413793103,219.7607847222222,286.38193793103454,863.4849326976066,521.7200315635791
2013-07-16 18:30:00,305.55387469645456,21.63373493975904,26.5,49.5,18.4,1021.6,18,1,0,326.4716016060463,408.38692413793103,219.7607847222222,286.38193793103454,427.6929606153737
2013-07-16 18:45:00,244.21230344827583,21.601204819277108,26.25,50.25,18.4,1021.6,18,1,0,305.55387469645456,326.4716016060463,408.38692413793103,219.7607847222222,318.5809787278964
2013-07-16 19:00:00,267.0191597222222,21.56867469879518,26.0,51.0,18.4,1021.6,19,1,0,244.21230344827583,305.55387469645456,326.4716016060463,408.38692413793103,399.9207274616736
2013-07-16 19:15:00,2122.905684931507,21.53614457831325,25.75,51.75,17.049999999999997,1021.675,19,1,0,267.0191597222222,244.21230344827583,305.55387469645456,326.4716016060463,1469.8284427903036
2013-07-16 19:30:00,2110.5634899328857,21.50361445783133,25.5,52.5,15.7,1021.75,19,1,0,2122.905684931507,267.0191597222222,244.21230344827583,305.55387469645456,1777.6883790680308
2013-07-16 19:45:00,822.2590781012176,21.4710843373494,25.25,53.25,14.35,1021.825,19,1,0,2110.5634899328857,2122.905684931507,267.0191597222222,244.21230344827583,1101.1154528221384
2013-07-16 20:00:00,1251.969141483766,21.43855421686747,25.0,54.0,13.0,1021.9,20,1,0,822.2590781012176,2110.5634899328857,2122.905684931507,267.0191597222222,1285.3060847854524
2013-07-16 20:15:00,325.4006812739464,21.406024096385543,24.75,53.0,12.55,1022.075,20,1,0,1251.969141483766,822.2590781012176,2110.5634899328857,2122.905684931507,521.2310609339443
2013-07-16 20:30:00,324.32060996168576,21.373493975903614,24.5,52.0,12.1,1022.25,20,1,0,325.4006812739464,1251.969141483766,822.2590781012176,2110.5634899328857,388.2481648792077
2013-07-16 20:45:00,180.172969348659,21.340963855421688,24.25,51.0,11.65,1022.425,20,1,0,324.32060996168576,325.4006812739464,1251.969141483766,822.2590781012176,301.9131098916317
2013-07-16 21:00:00,208.17952413793105,21.30843373493976,24.0,50.0,11.2,1022.6,21,1,0,180.172969348659,324.32060996168576,325.4006812739464,1251.969141483766,232.3039097957372
2013-07-16 21:15:00,237.95294444444443,21.27590361445783,23.75,50.75,8.399999999999999,1022.625,21,1,0,208.17952413793105,180.172969348659,324.32060996168576,325.4006812739464,248.6337550345459
2013-07-16 21:30:00,214.524524137931,21.243373493975906,23.5,51.5,5.6,1022.65,21,1,0,237.95294444444443,208.17952413793105,180.172969348659,324.32060996168576,217.74380018208237
2013-07-16 21:45:00,186.28756666666663,21.210843373493976,23.25,52.25,2.8000000000000007,1022.675,21,1,0,214.524524137931,237.95294444444443,208.17952413793105,180.172969348659,204.85208529164493
2013-07-16 22:00:00,239.8744947318008,21.17831325301205,23.0,53.0,0.0,1022.7,22,1,0,186.28756666666663,214.524524137931,237.95294444444443,208.17952413793105,264.6997079700151
2013-07-16 22:15:00,236.2485187739464,21.14578313253012,23.0,52.25,1.9,1022.775,22,1,0,239.8744947318008,186.28756666666663,214.524524137931,237.95294444444443,243.69900074849429
2013-07-16 22:30:00,174.77365397509578,21.1132530120482,23.0,51.5,3.8,1022.85,22,1,0,236.2485187739464,239.8744947318008,186.28756666666663,214.524524137931,207.0353664915573
2013-07-16 22:45:00,206.6694634888438,21.080722891566264,23.0,50.75,5.699999999999999,1022.925,22,1,0,174.77365397509578,236.2485187739464,239.8744947318008,186.28756666666663,219.8649603322677
2013-07-16 23:00:00,257.0973724137931,21.04819277108433,23.0,50.0,7.6,1023.0,23,1,0,206.6694634888438,174.77365397509578,236.2485187739464,239.8744947318008,258.1003159049514
2013-07-21 17:15:00,1177.742250745573,21.325,24.75,54.75,16.6,1017.4,17,6,1,600.3224816795685,344.4146594594594,313.57197297297296,278.81472984810364,1051.0486496169565
2013-07-21 17:30:00,988.784942680936,21.95,24.5,55.5,16.6,1017.3,17,6,1,1177.742250745573,600.3224816795685,344.4146594594594,313.57197297297296,924.5897705718764
2013-07-21 17:45:00,560.241450708633,22.575,24.25,56.25,16.6,1017.2,17,6,1,988.784942680936,1177.742250745573,600.3224816795685,344.4146594594594,742.3564847146456
2013-07-21 18:00:00,484.82206081081085,23.2,24.0,57.0,16.6,1017.1,18,6,1,560.241450708633,988.784942680936,1177.742250745573,600.3224816795685,584.8069337965504
2013-07-21 18:15:00,560.5730472972971,23.5,23.5,58.75,16.6,1017.125,18,6,1,484.82206081081085,560.241450708633,988.784942680936,1177.742250745573,659.2754436864554
2013-07-21 18:30:00,468.9080913576698,23.8,23.0,60.5,16.6,1017.15,18,6,1,560.5730472972971,484.82206081081085,560.241450708633,988.784942680936,610.0692343890062
2013-07-21 18:45:00,2159.2656028635342,24.1,22.5,62.25,16.6,1017.175,18,6,1,468.9080913576698,560.5730472972971,484.82206081081085,560.241450708633,1453.326862285368
2013-07-21 19:00:00,1597.8988072668024,24.4,22.0,64.0,16.6,1017.2,19,6,1,2159.2656028635342,468.9080913576698,560.5730472972971,484.82206081081085,1439.2473941583537
2013-07-21 19:15:00,1957.9279745034464,24.975,21.75,66.25,15.7,1017.275,19,6,1,1597.8988072668024,2159.2656028635342,468.9080913576698,560.5730472972971,1799.7834603251413
2013-07-21 19:30:00,597.6633775725356,25.55,21.5,68.5,14.8,1017.35,19,6,1,1957.9279745034464,1597.8988072668024,2159.2656028635342,468.9080913576698,668.2110890398179
2013-07-21 19:45:00,481.6363114236685,26.125,21.25,70.75,13.9,1017.425,19,6,1,597.6633775725356,1957.9279745034464,1597.8988072668024,2159.2656028635342,665.1423403240422
2013-07-21 20:00:00,544.8526649385442,26.7,21.0,73.0,13.0,1017.5,20,6,1,481.6363114236685,597.6633775725356,1957.9279745034464,1597.8988072668024,584.2695383086933
2013-07-21 20:15:00,1701.9320588151925,28.025,20.75,74.25,13.0,1017.625,20,6,1,544.8526649385442,481.6363114236685,597.6633775725356,1957.9279745034464,1349.3083360316966
2013-07-21 20:30:00,516.0489640022676,29.35,20.5,75.5,13.0,1017.75,20,6,1,1701.9320588151925,544.8526649385442,481.6363114236685,597.6633775725356,729.9129667383899
2013-07-21 20:45:00,512.8753588674906,30.675,20.25,76.75,13.0,1017.875,20,6,1,516.0489640022676,1701.9320588151925,544.8526649385442,481.6363114236685,620.7040918928311
2013-07-21 21:00:00,525.5858851351352,32.0,20.0,78.0,13.0,1018.0,21,6,1,512.8753588674906,516.0489640022676,1701.9320588151925,544.8526649385442,545.145249905327
2013-07-22 07:30:00,149.77251887515573,28.05,20.0,75.5,10.3,1016.9,7,0,0,185.5207986208182,202.1709155205812,149.96985574503776,181.8363407860892,153.719864225071
2013-07-22 07:45:00,196.20621621621623,27.625,20.5,74.25,9.85,1016.9,7,0,0,149.77251887515573,185.5207986208182,202.1709155205812,149.96985574503776,198.91728033732647
2013-07-22 08:00:00,191.65881632653063,27.2,21.0,73.0,9.4,1016.9,8,0,0,196.20621621621623,149.77251887515573,185.5207986208182,202.1709155205812,193.60963852772488
2013-07-22 08:15:00,151.46478061509785,28.175,21.5,72.0,9.85,1016.9,8,0,0,191.65881632653063,196.20621621621623,149.77251887515573,185.5207986208182,160.74157850288051
2013-07-22 08:30:00,190.08114668367344,29.15,22.0,71.0,10.3,1016.9,8,0,0,151.46478061509785,191.65881632653063,196.20621621621623,149.77251887515573,204.70682784670308
2013-07-22 08:45:00,510.7862392531481,30.125,22.5,70.0,10.75,1016.9,8,0,0,190.08114668367344,151.46478061509785,191.65881632653063,196.20621621621623,403.4121276525796
2013-07-22 09:00:00,323.0018649376417,31.1,23.0,69.0,11.2,1016.9,9,0,0,510.7862392531481,190.08114668367344,151.46478061509785,191.65881632653063,656.4194590532296
2013-07-22 09:15:00,336.10576593562314,30.15,23.5,67.0,11.2,1016.75,9,0,0,323.0018649376417,510.7862392531481,190.08114668367344,151.46478061509785,531.8371260112111
2013-07-22 09:30:00,379.7254151077098,29.200000000000003,24.0,65.0,11.2,1016.6,9,0,0,336.10576593562314,323.0018649376417,510.7862392531481,190.08114668367344,403.6536218933416
2013-07-22 09:45:00,334.715075862069,28.25,24.5,63.0,11.2,1016.45,9,0,0,379.7254151077098,336.10576593562314,323.0018649376417,510.7862392531481,420.1410391434952
2013-07-22 10:00:00,327.5089716591592,27.3,25.0,61.0,11.2,1016.3,10,0,0,334.715075862069,379.7254151077098,336.10576593562314,323.0018649376417,339.9908951960512
2013-07-22 10:15:00,386.62022297297295,26.4,25.25,61.0,11.65,1016.25,10,0,0,327.5089716591592,334.715075862069,379.7254151077098,336.10576593562314,385.399873776127
2013-07-22 10:30:00,354.238148619321,25.5,25.5,61.0,12.1,1016.2,10,0,0,386.62022297297295,327.5089716591592,334.715075862069,379.7254151077098,386.4829051405841
2013-07-22 10:45:00,317.9754240362812,24.6,25.75,61.0,12.55,1016.15,10,0,0,354.238148619321,386.62022297297295,327.5089716591592,334.715075862069,350.6474658054504
2013-07-22 11:00:00,393.623306122449,23.7,26.0,61.0,13.0,1016.1,11,0,0,317.9754240362812,354.238148619321,386.62022297297295,327.5089716591592,389.4088970144453
2013-07-22 11:15:00,536.4590193830958,23.475,26.5,59.5,13.9,1015.975,11,0,0,393.623306122449,317.9754240362812,354.238148619321,386.62022297297295,525.2687944771706
2013-07-22 11:30:00,535.1502298289493,23.25,27.0,58.0,14.8,1015.85,11,0,0,536.4590193830958,393.623306122449,317.9754240362812,354.238148619321,526.6272769922527
2013-07-22 11:45:00,320.906639877122,23.025,27.5,56.5,15.7,1015.725,11,0,0,535.1502298289493,536.4590193830958,393.623306122449,317.9754240362812,451.41487843425926
2013-07-22 12:00:00,360.9673914173129,22.8,28.0,55.0,16.6,1015.6,12,0,0,320.906639877122,535.1502298289493,536.4590193830958,393.623306122449,383.7741734852872
2013-07-23 01:30:00,267.4394,21.1,21.0,83.0,13.9,1013.7,1,1,0,276.3526319444444,226.452951724138,235.5526597222222,273.83514358719924,261.00393283900326
2013-07-23 01:45:00,211.49160536398463,21.45,21.0,83.0,12.55,1013.55,1,1,0,267.4394,276.3526319444444,226.452951724138,235.5526597222222,230.68995651301756
2013-07-23 02:00:00,262.3562186302683,21.8,21.0,83.0,11.2,1013.4,2,1,0,211.49160536398463,267.4394,276.3526319444444,226.452951724138,255.5624964597853
2013-07-23 04:00:00,235.00352846114257,21.1,21.0,83.0,7.6,1013.1,4,1,0,231.8636896551724,182.2440551724138,219.53179166666663,254.35744329501915,247.5589242916127
2013-07-23 04:15:00,178.72229078014186,21.1,20.75,84.25,9.4,1013.2,4,1,0,235.00352846114257,231.8636896551724,182.2440551724138,219.53179166666663,189.83848991055703
2013-07-23 04:30:00,212.5571862068965,21.1,20.5,85.5,11.2,1013.3,4,1,0,178.72229078014186,235.00352846114257,231.8636896551724,182.2440551724138,211.49916361421077
2013-07-23 04:45:00,235.83320799339552,21.1,20.25,86.75,13.0,1013.4,4,1,0,212.5571862068965,178.72229078014186,235.00352846114257,231.8636896551724,232.8378985887829
2013-07-23 05:00:00,199.1537287356322,21.1,20.0,88.0,14.8,1013.5,5,1,0,235.83320799339552,212.5571862068965,178.72229078014186,235.00352846114257,209.7005744834277
2013-07-23 05:15:00,186.33592097701143,22.3,20.0,88.0,13.0,1013.475,5,1,0,199.1537287356322,235.83320799339552,212.5571862068965,178.72229078014186,188.3501044871907
2013-07-23 05:30:00,210.26126475095785,23.5,20.0,88.0,11.2,1013.45,5,1,0,186.33592097701143,199.1537287356322,235.83320799339552,212.5571862068965,222.27008804274763
2013-07-23 05:45:00,188.3925464559387,24.7,20.0,88.0,9.4,1013.425,5,1,0,210.26126475095785,186.33592097701143,199.1537287356322,235.83320799339552,194.02774440381057
2013-07-23 06:00:00,151.34706704980843,25.9,20.0,88.0,7.6,1013.4,6,1,0,188.3925464559387,210.26126475095785,186.33592097701143,199.1537287356322,162.07607226578833
2013-07-23 06:15:00,200.1388333333333,26.55,20.25,85.5,6.6,1013.475,6,1,0,151.34706704980843,188.3925464559387,210.26126475095785,186.33592097701143,216.49005197666023
2013-07-23 06:30:00,236.6896250000001,27.2,20.5,83.0,5.6,1013.55,6,1,0,200.1388333333333,151.34706704980843,188.3925464559387,210.26126475095785,223.97867690989
2013-07-23 06:45:00,228.3960413793104,27.85,20.75,80.5,4.6,1013.625,6,1,0,236.6896250000001,200.1388333333333,151.34706704980843,188.3925464559387,222.0318721419464
2013-07-23 07:00:00,259.991,28.5,21.0,78.0,3.6,1013.7,7,1,0,228.3960413793104,236.6896250000001,200.1388333333333,151.34706704980843,282.408778514388
2013-07-23 07:15:00,277.8341842911877,29.0,21.25,75.75,2.7,1013.6,7,1,0,259.991,228.3960413793104,236.6896250000001,200.1388333333333,288.2397332477437
2013-07-23 07:30:00,232.79872844827585,29.5,21.5,73.5,1.8,1013.5,7,1,0,277.8341842911877,259.991,228.3960413793104,236.6896250000001,284.32191609232524
2013-07-23 07:45:00,333.28712883141765,30.0,21.75,71.25,0.8999999999999999,1013.4,7,1,0,232.79872844827585,277.8341842911877,259.991,228.3960413793104,337.96689448272224
2013-07-23 08:00:00,1438.7516561949108,30.5,22.0,69.0,0.0,1013.3,8,1,0,333.28712883141765,232.79872844827585,277.8341842911877,259.991,999.8076669164616
2013-07-23 08:15:00,2061.143191035318,27.875,22.25,69.0,2.8,1013.275,8,1,0,1438.7516561949108,333.28712883141765,232.79872844827585,277.8341842911877,1562.0648243694231
2013-07-23 08:30:00,583.9307448275862,25.25,22.5,69.0,5.6,1013.25,8,1,0,2061.143191035318,1438.7516561949108,333.28712883141765,232.79872844827585,725.3532564816239
2013-07-23 08:45:00,445.2660347222222,22.625,22.75,69.0,8.399999999999999,1013.225,8,1,0,583.9307448275862,2061.143191035318,1438.7516561949108,333.28712883141765,562.7349609293489
2013-07-23 13:00:00,254.6817681992337,21.5,25.0,65.0,16.6,1013.3,13,1,0,298.84978697318,294.3532361111111,233.76788965517244,276.18163194444446,335.51403828593806
2013-07-23 13:15:00,251.4270555555555,21.55,25.975,61.0,16.150000000000002,1013.125,13,1,0,254.6817681992337,298.84978697318,294.3532361111111,233.76788965517244,330.98806177300696
2013-07-23 13:30:00,298.1977034482759,21.6,26.95,57.0,15.7,1012.95,13,1,0,251.4270555555555,254.6817681992337,298.84978697318,294.3532361111111,336.3794768345602
2013-07-23 13:45:00,299.4623472222222,21.65,27.925,53.0,15.25,1012.775,13,1,0,298.1977034482759,251.4270555555555,254.6817681992337,298.84978697318,415.0657603927335
2013-07-23 14:00:00,247.6579923371648,21.7,28.9,49.0,14.8,1012.6,14,1,0,299.4623472222222,298.1977034482759,251.4270555555555,254.6817681992337,351.1619669665932
2013-07-23 14:15:00,276.7687583812261,21.05,28.675,48.75,13.9,1012.525,14,1,0,247.6579923371648,299.4623472222222,298.1977034482759,251.4270555555555,289.11017087932834
2013-07-27 17:45:00,488.77073081929353,21.825,23.25,72.75,15.7,1003.125,17,5,1,406.7302519255498,422.3651776065449,558.0807437641724,627.3058180272109,543.2466047132042
2013-07-27 18:00:00,772.6938740093424,23.5,23.0,74.0,14.8,1003.1,18,5,1,488.77073081929353,406.7302519255498,422.3651776065449,558.0807437641724,800.8465076012676
2013-07-27 18:15:00,2691.3197120510927,23.05,22.5,77.5,13.9,1003.125,18,5,1,772.6938740093424,488.77073081929353,406.7302519255498,422.3651776065449,2082.483548909157
2013-07-27 18:30:00,2441.71667852349,22.6,22.0,81.0,13.0,1003.15,18,5,1,2691.3197120510927,772.6938740093424,488.77073081929353,406.7302519255498,1973.860616415105
2013-07-27 18:45:00,851.7717985703507,22.15,21.5,84.5,12.1,1003.175,18,5,1,2441.71667852349,2691.3197120510927,772.6938740093424,488.77073081929353,1184.3652550969375
2013-07-27 19:00:00,1078.0121200447302,21.7,21.0,88.0,11.2,1003.2,19,5,1,851.7717985703507,2441.71667852349,2691.3197120510927,772.6938740093424,1180.2177030012683
2013-08-23 08:00:00,3642.711451557296,23.9,20.0,83.0,18.4,1016.1,8,4,0,1994.147937408453,541.2872508373503,522.2926787506374,276.34217687074835,1030.737849821844
2013-08-23 08:15:00,1763.9014364772938,25.625,20.25,81.75,18.925,1016.025,8,4,0,3642.711451557296,1994.147937408453,541.2872508373503,522.2926787506374,1648.288160824751
2013-08-23 08:30:00,1792.2268769176485,27.35,20.5,80.5,19.45,1015.95,8,4,0,1763.9014364772938,3642.711451557296,1994.147937408453,541.2872508373503,1246.042273384562
2013-08-23 08:45:00,1874.6449495771285,29.075,20.75,79.25,19.975,1015.875,8,4,0,1792.2268769176485,1763.9014364772938,3642.711451557296,1994.147937408453,1067.5588467997536
2013-08-23 09:00:00,1110.7756225473368,30.8,21.0,78.0,20.5,1015.8,9,4,0,1874.6449495771285,1792.2268769176485,1763.9014364772938,3642.711451557296,1303.3775428555568
2013-08-23 09:15:00,524.8195986394558,32.05,21.5,74.75,19.975,1015.675,9,4,0,1110.7756225473368,1874.6449495771285,1792.2268769176485,1763.9014364772938,1132.1453002607575
2013-08-23 09:30:00,2567.2942464046023,33.3,22.0,71.5,19.45,1015.55,9,4,0,524.8195986394558,1110.7756225473368,1874.6449495771285,1792.2268769176485,725.664104856343
2013-08-23 09:45:00,2469.264474296376,34.55,22.5,68.25,18.925,1015.425,9,4,0,2567.2942464046023,524.8195986394558,1110.7756225473368,1874.6449495771285,1453.6199626736498
2013-08-23 10:00:00,976.4208974076116,35.8,23.0,65.0,18.4,1015.3,10,4,0,2469.264474296376,2567.2942464046023,524.8195986394558,1110.7756225473368,1423.3065922379224
2013-08-23 10:15:00,705.1714510020224,36.075,23.25,64.0,18.925,1015.175,10,4,0,976.4208974076116,2469.264474296376,2567.2942464046023,524.8195986394558,1096.054281511739
2013-08-23 10:30:00,711.3405130401787,36.35,23.5,63.0,19.45,1015.05,10,4,0,705.1714510020224,976.4208974076116,2469.264474296376,2567.2942464046023,1030.2212359748485
2013-08-23 10:45:00,597.3852597444383,36.625,23.75,62.0,19.975,1014.925,10,4,0,711.3405130401787,705.1714510020224,976.4208974076116,2469.264474296376,861.2442585711539
2013-08-23 11:00:00,837.3951360544218,36.9,24.0,61.0,20.5,1014.8,11,4,0,597.3852597444383,711.3405130401787,705.1714510020224,976.4208974076116,891.5476303001051
2013-08-23 11:15:00,1002.2170854965184,36.1,24.0,62.0,19.975,1014.7,11,4,0,837.3951360544218,597.3852597444383,711.3405130401787,705.1714510020224,1025.6442604938948
2013-08-23 11:30:00,696.9676249519814,35.3,24.0,63.0,19.45,1014.6,11,4,0,1002.2170854965184,837.3951360544218,597.3852597444383,711.3405130401787,928.7991364245928
2013-08-23 11:45:00,652.972039154475,34.5,24.0,64.0,18.925,1014.5,11,4,0,696.9676249519814,1002.2170854965184,837.3951360544218,597.3852597444383,922.70909778562
2013-08-23 12:00:00,1128.1239062483005,33.7,24.0,65.0,18.4,1014.4,12,4,0,652.972039154475,696.9676249519814,1002.2170854965184,837.3951360544218,870.8910212372409
2013-08-23 12:15:00,1772.3343634796383,31.950000000000003,24.25,64.0,19.375,1014.275,12,4,0,1128.1239062483005,652.972039154475,696.9676249519814,1002.2170854965184,952.901143783878
2013-08-23 12:30:00,1481.3413778934396,30.200000000000003,24.5,63.0,20.35,1014.15,12,4,0,1772.3343634796383,1128.1239062483005,652.972039154475,696.9676249519814,1214.5095144358315
2013-08-23 12:45:00,810.77485956597,28.45,24.75,62.0,21.325,1014.025,12,4,0,1481.3413778934396,1772.3343634796383,1128.1239062483005,652.972039154475,1180.6949920507714
2013-08-23 13:00:00,864.0343924533843,26.7,25.0,61.0,22.3,1013.9,13,4,0,810.77485956597,1481.3413778934396,1772.3343634796383,1128.1239062483005,932.2542333106876
2013-08-23 13:15:00,993.6944748074908,25.975,24.75,61.0,21.85,1013.825,13,4,0,864.0343924533843,810.77485956597,1481.3413778934396,1772.3343634796383,1120.108707318189
2013-08-23 13:30:00,1104.7930768656297,25.25,24.5,61.0,21.4,1013.75,13,4,0,993.6944748074908,864.0343924533843,810.77485956597,1481.3413778934396,1086.6207032278282
2013-08-23 13:45:00,1912.9717239350573,24.525,24.25,61.0,20.95,1013.675,13,4,0,1104.7930768656297,993.6944748074908,864.0343924533843,810.77485956597,1037.657378567455
2013-08-23 14:00:00,1240.7400917786165,23.8,24.0,61.0,20.5,1013.6,14,4,0,1912.9717239350573,1104.7930768656297,993.6944748074908,864.0343924533843,1102.5679003509454
2013-08-23 14:15:00,1134.0655717043574,23.825,24.0,61.0,19.975,1013.475,14,4,0,1240.7400917786165,1912.9717239350573,1104.7930768656297,993.6944748074908,1107.5993096271025
2013-08-23 14:30:00,995.4466814058958,23.85,24.0,61.0,19.45,1013.35,14,4,0,1134.0655717043574,1240.7400917786165,1912.9717239350573,1104.7930768656297,1111.607598678584
2013-08-23 14:45:00,940.2071468483534,23.875,24.0,61.0,18.925,1013.225,14,4,0,995.4466814058958,1134.0655717043574,1240.7400917786165,1912.9717239350573,1068.1746063624296
2013-08-23 15:00:00,1072.1846799708678,23.9,24.0,61.0,18.4,1013.1,15,4,0,940.2071468483534,995.4466814058958,1134.0655717043574,1240.7400917786165,1113.9427314126035
2013-08-23 15:15:00,1136.6893719312438,24.5,23.75,62.0,19.825,1012.975,15,4,0,1072.1846799708678,940.2071468483534,995.4466814058958,1134.0655717043574,1103.8445770577125
2013-08-23 15:30:00,1237.1676870748302,25.1,23.5,63.0,21.25,1012.85,15,4,0,1136.6893719312438,1072.1846799708678,940.2071468483534,995.4466814058958,1101.99176428216
2013-08-23 15:45:00,2160.6508373627703,25.7,23.25,64.0,22.675,1012.725,15,4,0,1237.1676870748302,1136.6893719312438,1072.1846799708678,940.2071468483534,1057.9599806258277
